product_id,product_name
250717,925 Sterling Silver charms Snow White Princess pendant Fit Original Pandora Bracelet Herocross disney apple jewelry women gift
275245,Luxury Saddle Women's Chest Bag Crossbody Bags Female Fashion Chain Handbag Hobos Bag Banana Belt Purse Banana Bag Fanny Packs
5158807,Women's Shoulder Canvas Bag Large With Chain Capacity for women on offer 2023 new
670451,Love Heart Print Bags For Women 2023 Soft Plush Shoulder Bags Female Leopard Pattern Handbag Winter Warm Fluffy Shopping Bags
273383,Neck Roller Massager Pressure Trigger Point Shoulder Massager Tool Lightweight & Portable Neck Massager Suitable For Neck Hands
271686,1PC Claw Massager Body Massager Octopus Head Scalp Neck Equipment Stress Release Relax Massage Relief Head Care Massage
250717,925 Sterling Silver charms Snow White Princess pendant Fit Original Pandora Bracelet Herocross disney apple jewelry women gift
275245,Luxury Saddle Women's Chest Bag Crossbody Bags Female Fashion Chain Handbag Hobos Bag Banana Belt Purse Banana Bag Fanny Packs
5160266,the Vampire Diaries shopping bag grocery shopper jute bag recycle bag cotton shopper bag bolsa compra woven sac tissu
276801,New natural shell bucket woven bag Japanese and Korean hand carry messenger dual-purpose straw bag casual women's bag
274361,Dolphin Massager Handheld Electric Massage Stick Meridian Tapping Stick Shoulder Neck Tapping Cervical Neck Waist Meridian Back
274431,Full Body Massage Rope Roller Wheels Relax Shoulders Legs Back Neck Strip
274780,Manual One Head Spine Massager 6 Levels Portable Chiropractic Adjusting Tool for Muscle Relaxation Therapy Spinal Massage Gun
274699,Dual Trigger Point Roller Self-Massage Tools Deep Massage Shoulder Massager Light U-shaped Neck Massager Shiatsu Deep Tissue
280074,Portable Mini Wave Vibrating Massager Battery Usb Electric Handled Full Body Leg Neck Shoulder Relaxing Massage Tools
258534,50pcs/lot Mixed Color Resin Rose Flower Charms Pendants DIY Bracelet Keychain For Jewelry Making Accessories Gift
258741,Cute Snacks Potato Chips Charms for Jewelry Making Diy Earring Bracelet Pendant Accessories Findings Wholesale Bulk
258584,Small Kawaii 3D Phone Charm - cartoon Cute Pastel Charms -cartoon Keychain - Keyring - Kawaii Gift - Charms
258986,Wholesale Cartoon Fruits Charms for Jewelry Making Diy Earring Bracelet Pendant Accessories Findings Phone Making Bulk
681935,Massageador Electric Heating Meteorite Cushion Office Winter Far Infrared Health Care Physiotherapy Chair Mat
284040,New Chiropractic Adjustment Tools Manual Gun Improve Joint Pain Spine Therapy Adjust Vertebration Tool Portable 4 Heads Massager
284294,Natural Resin Gua Sha Scraper Board Massage Beeswax Scraping Massager For Face Neck Shoulder Back Waist Acupoint Massage Tool
287257,Headband Headache Migraine Relief Kneading Belt Air Pressure Head Massager Device Electric Head Massager Airbag Acupoint Massage
672824,New Kawaii Canvas Bag Japan Harajuku Crossbody Bags Girls Shoulder Bags Students Casual Messenger Bag Women's Bags
657303,New Tiny Infinity Crystal Pendant Necklaces For Women Choker Lucky Number Eight Geometric Gold/Silver Color Long Chain Necklace
657343,Aide 925 Sterling Silver Minimalist Necklace Paperclip Chain Single Cubic Round Zircon Pendant Necklace For Women Wedding Gift
5327219,Vintage Red Flower Beads Tassel Hair Stick Headwear 2024 Autumn Winter Temperament Updo Hairpin Female New Year Hair Accessories
291641,Manual Chiropractic Adjustment Tool Spine Massager Single Heads Chiropractic Adjusting Gun For New Portable Back Massage Gun
271879,100% 925 Sterling Silver Butterfly Charms Pretty Handmade Necklace Bracelets Dangle Pendants DIY Fine Jewelry Making Findings
272163,26Pcs/Lot Alloy with Rhinestones A-Z English Letter Alphabet Charm Pendants for DIY Necklace Jewelry Making Accessories
294266,"3 in 1 Maderoterapia Kit, Wood Therapy Massage Tools, Lymphatic Drainage Massager,Anti Cellulite Massager for Body Muscle Relief"
297488,Large capacity multi card small bag PU women's wallet Women's sequin crocodile pattern handbag Long wallet
5171372,"1 PC Teacher Pattern Shopping Bag, Casual Canvas Portable Shoulder Bag Handbag, Reusable Foldable Storage Tote Bag, Gift"
286932,51pcs/Set Zinc Alloy Antique Silvery Instrument Notes Shaped Pendants for DIY Necklace Bracelet Earrings Jewelry Making Handmade
316067,Mini Muscle Deep Tissue Percussion Massage Touch Screen Fascia Gun With Ems Lcd Display Low Noise Massagegun 6Speed Adjustment
5181911,Amy and Michael 2022 Spring Cute Girls Students High Top Canvas Shoes Lovely Anime Hand Painted Plimsolls Woman Vulcanize Shoes
316138,Opove M3 Fascial Massage Professional Fitness Massage Gun Percussion Deep Muscle Massager Newest Super Quiet Massage Machine
295897,10pcs/lot diy dachshund dog cat paw stainless steel charm pendant wholesale elephant bone jewelry bracelet connector charms
305802,Women Jewelry Holder Organizer Multifunction Necklace Earring Ring Storage Box for Travel
327643,Cool Soccerly Footbally Print Wallet Basketball Coin Money Bags ID Credit Card Phone Holder Women Casual Long Purse Gift
328359,Mini High Quality Portable massage gun Electric Fascia Gun Massager For Body Neck Back Deep Tissue Muscle Relaxation Non-noise
661401,Trendy Fine 14K Real Gold Noble Crown Chain Pendant Necklace for Women Accessories Original Design Fashion Jewelry Zircon Party
661085,New Fashion Lovely Balloon Dog Pendant Necklace for Women Simple Stereo Geometry Metal Clavicle Chain Girl Couple Jewelry Gift
661260,777 Angel Number Neckalces For Women Stainless Steel 111 222 333 444 555 Pendant Necklace Goth Chain Collar Choker Jewelry Gift
664303,One Pieces Mother's Day Gift Steel Chain Heart Necklaces for Women Girls Minimalist Bijoux Cheap Items with Free Shipping
378595,Deep Tissue Muscle Massage Gun Neck Body Pain Relief Mini Massager High Frequency Relax Fascial Gun
356804,Resin Side Face Portrait Model Necklace Jewelry Stand Storage Earrings Hanging Bracelet Ring Jewelry Display Props OK Hand Model
377288,2023 Luxury Ruched Evening Clutch Bag Designer Diamonds Women Handbags Crystal Mesh Shoulder Bags Shinny Rhinestone Party Purses
687212,Fashion Embroidery Women Envelope Clutch Bag Ladies Evening Party Large Capacity Clutches Handbag PU Leather Phone Purses Bolsas
413761,Automatically Heated Insert Doll Vaginette Silicone Ass Chocho Real Uterus Artificial Sex For Man Women Vibrator Back
389137,Free shipping 1PC Black Velvet Gift Bag Jewelry Pouches Drawstring Bag 7x9cm
7033014,Hot Sale 1pcs PVC Shoe Charms English Coconut Tree Kangaroo USA Accessorie DIY Shoe Decorations For Croc Jibz Kids X-mas Gift
398017,1pcs Double Layer Storage Box Ladies Light Luxury Style Clever Compartment Design Leather Jewelry Box
5242257,1:12 Doll House Mini Simulation Wooden Furniture Miniature Three-tier Storage Rack Flower Stand European Furniture Model
428463,Deep Tissue Therapy Muscle Massage Gun Electric Fascia Body Massager Exercising Fitness Relaxation Slimming Shaping Pain Relief
